StartDevice,StartPort,EndDevice,EndPort,BandWidth,VlanID,VlanMode,AutoNeg
str-7260cx3-11,Ethernet3/1,str-7260cx3-fan-06,Ethernet64/1,100000,"2525-2556,3905-3934",Trunk,off
str-7260cx3-11,Ethernet14/1,str-acs-serv-11,p4p1,40000,,Trunk,off
str-7260cx3-11,Ethernet16/1,str-acs-serv-13,enp130s0f0,40000,,Trunk,off
str-7260cx3-11,Ethernet17/1,str-acs-serv-03,ens4f0,40000,,Trunk,off
str-7260cx3-11,Ethernet18/1,str-acs-serv-03,p5p2,40000,,Trunk,off
str-7260cx3-11,Ethernet19/1,str-acs-serv-01,p4p1,40000,,Trunk,off
str-7260cx3-11,Ethernet20/1,str-acs-serv-01,p4p2,40000,,Trunk,off
str-7260cx3-11,Ethernet21/1,str-acs-serv-02,p4p1,40000,,Trunk,off
str-7260cx3-11,Ethernet22/1,str-acs-serv-02,p4p2,40000,,Trunk,off
str-7260cx3-11,Ethernet23/1,str-acs-serv-03,p4p1,40000,,Trunk,off
str-7260cx3-11,Ethernet24/1,str-acs-serv-03,p4p2,40000,,Trunk,off
str-7260cx3-11,Ethernet25/1,str-acs-serv-05,p4p1,40000,,Trunk,off
str-7260cx3-11,Ethernet26/1,str-acs-serv-06,p4p1,40000,,Trunk,off
str-7260cx3-11,Ethernet27/1,str-acs-serv-07,p4p1,40000,,Trunk,off
str-7260cx3-11,Ethernet28/1,str-7060cx-32s-21,Ethernet32/1,100000,1979-2008,Trunk,off
str-7260cx3-11,Ethernet29/1,str-7060cx-32s-22,Ethernet32/1,100000,"2009,2010",Trunk,off
str-7260cx3-11,Ethernet31/1,str-7060cx-32s-18,Ethernet32/1,100000,1949-1978,Trunk,off
str-7260cx3-11,Ethernet33/1,str-7060cx-32s-04,Ethernet31/1,40000,"2065-2105,1717-1728,1945-1948",Trunk,off
str-7260cx3-11,Ethernet35/1,str-7060cx-32s-17,Ethernet32/1,100000,1389-1440,Trunk,off
str-7260cx3-11,Ethernet44/1,str-7260-02,Ethernet64,40000,"265-296,1057-1064",Trunk,off
str-7260cx3-11,Ethernet45/1,str-7060cx-32s-08,Ethernet124,100000,1559-1576,Trunk,off
str-7260cx3-11,Ethernet46/1,str-7260-18,Ethernet64,40000,"553-584,1029-1056",Trunk,off
str-7260cx3-11,Ethernet47/1,str-7060cx-32s-07,Ethernet32/1,100000,"1385-1388,1530-1558",Trunk,off
str-7260cx3-11,Ethernet48/1,str-7260-17,Ethernet64,40000,"489-520,1001-1028",Trunk,off
str-7260cx3-11,Ethernet49/1,str-7060cx-32s-06,Ethernet32/1,100000,1501-1529,Trunk,off
str-7260cx3-11,Ethernet50/1,str-7260-16,Ethernet64,40000,"457-488",Trunk,off
str-7260cx3-11,Ethernet51/1,str-7060cx-32s-05,Ethernet32/1,100000,"1481-1500,2106-2120",Trunk,off
str-7260cx3-11,Ethernet55/1,str-7060cx-32s-03,Ethernet32/1,100000,1659-1716,Trunk,off
str-7260cx3-11,Ethernet9/1,str-7060cx-32s-02,Ethernet32/1,100000,1609-1658,Trunk,off
str-7260cx3-11,Ethernet58/1,str-7260-08,Ethernet64/1,100000,"349-360,521-536,713-744",Trunk,off
str-7260cx3-11,Ethernet53/1,str-msn4700-fanout-01,Ethernet248,100000,3873-3903,Trunk,off
str-7260cx3-11,Ethernet64/1,str-msn4700-fanout-02,Ethernet248,100000,3470-3500,Trunk,off
str-7050qx-32s-acs-04,Ethernet0,str-7260-02,Ethernet1,40000,265,Access,off
str-7050qx-32s-acs-04,Ethernet4,str-7260-02,Ethernet2,40000,266,Access,off
str-7050qx-32s-acs-04,Ethernet8,str-7260-02,Ethernet3,40000,267,Access,off
str-7050qx-32s-acs-04,Ethernet12,str-7260-02,Ethernet4,40000,268,Access,off
str-7050qx-32s-acs-04,Ethernet16,str-7260-02,Ethernet5,40000,269,Access,off
str-7050qx-32s-acs-04,Ethernet20,str-7260-02,Ethernet6,40000,270,Access,off
str-7050qx-32s-acs-04,Ethernet24,str-7260-02,Ethernet7,40000,271,Access,off
str-7050qx-32s-acs-04,Ethernet28,str-7260-02,Ethernet8,40000,272,Access,off
str-7050qx-32s-acs-04,Ethernet32,str-7260-02,Ethernet9,40000,273,Access,off
str-7050qx-32s-acs-04,Ethernet36,str-7260-02,Ethernet10,40000,274,Access,off
str-7050qx-32s-acs-04,Ethernet40,str-7260-02,Ethernet11,40000,275,Access,off
str-7050qx-32s-acs-04,Ethernet44,str-7260-02,Ethernet12,40000,276,Access,off
str-7050qx-32s-acs-04,Ethernet48,str-7260-02,Ethernet13,40000,277,Access,off
str-7050qx-32s-acs-04,Ethernet52,str-7260-02,Ethernet14,40000,278,Access,off
str-7050qx-32s-acs-04,Ethernet56,str-7260-02,Ethernet15,40000,279,Access,off
str-7050qx-32s-acs-04,Ethernet60,str-7260-02,Ethernet16,40000,280,Access,off
str-7050qx-32s-acs-04,Ethernet64,str-7260-02,Ethernet17,40000,281,Access,off
str-7050qx-32s-acs-04,Ethernet68,str-7260-02,Ethernet18,40000,282,Access,off
str-7050qx-32s-acs-04,Ethernet72,str-7260-02,Ethernet19,40000,283,Access,off
str-7050qx-32s-acs-04,Ethernet76,str-7260-02,Ethernet20,40000,284,Access,off
str-7050qx-32s-acs-04,Ethernet80,str-7260-02,Ethernet21,40000,285,Access,off
str-7050qx-32s-acs-04,Ethernet84,str-7260-02,Ethernet22,40000,286,Access,off
str-7050qx-32s-acs-04,Ethernet88,str-7260-02,Ethernet23,40000,287,Access,off
str-7050qx-32s-acs-04,Ethernet92,str-7260-02,Ethernet24,40000,288,Access,off
str-7050qx-32s-acs-04,Ethernet96,str-7260-02,Ethernet25,40000,289,Access,off
str-7050qx-32s-acs-04,Ethernet100,str-7260-02,Ethernet26,40000,290,Access,off
str-7050qx-32s-acs-04,Ethernet104,str-7260-02,Ethernet27,40000,291,Access,off
str-7050qx-32s-acs-04,Ethernet108,str-7260-02,Ethernet28,40000,292,Access,off
str-7050qx-32s-acs-04,Ethernet112,str-7260-02,Ethernet29,40000,293,Access,off
str-7050qx-32s-acs-04,Ethernet116,str-7260-02,Ethernet30,40000,294,Access,off
str-7050qx-32s-acs-04,Ethernet120,str-7260-02,Ethernet31,40000,295,Access,off
str-7050qx-32s-acs-04,Ethernet124,str-7260-02,Ethernet32,40000,296,Access,off
str-s6000-acs-10,Ethernet0,str-7260-16,Ethernet1,40000,457,Access,off
str-s6000-acs-10,Ethernet4,str-7260-16,Ethernet2,40000,458,Access,off
str-s6000-acs-10,Ethernet8,str-7260-16,Ethernet3,40000,459,Access,off
str-s6000-acs-10,Ethernet12,str-7260-16,Ethernet4,40000,460,Access,off
str-s6000-acs-10,Ethernet16,str-7260-16,Ethernet5,40000,461,Access,off
str-s6000-acs-10,Ethernet20,str-7260-16,Ethernet6,40000,462,Access,off
str-s6000-acs-10,Ethernet24,str-7260-16,Ethernet7,40000,463,Access,off
str-s6000-acs-10,Ethernet28,str-7260-16,Ethernet8,40000,464,Access,off
str-s6000-acs-10,Ethernet32,str-7260-16,Ethernet9,40000,465,Access,off
str-s6000-acs-10,Ethernet36,str-7260-16,Ethernet10,40000,466,Access,off
str-s6000-acs-10,Ethernet40,str-7260-16,Ethernet11,40000,467,Access,off
str-s6000-acs-10,Ethernet44,str-7260-16,Ethernet12,40000,468,Access,off
str-s6000-acs-10,Ethernet48,str-7260-16,Ethernet13,40000,469,Access,off
str-s6000-acs-10,Ethernet52,str-7260-16,Ethernet14,40000,470,Access,off
str-s6000-acs-10,Ethernet56,str-7260-16,Ethernet15,40000,471,Access,off
str-s6000-acs-10,Ethernet60,str-7260-16,Ethernet16,40000,472,Access,off
str-s6000-acs-10,Ethernet64,str-7260-16,Ethernet17,40000,473,Access,off
str-s6000-acs-10,Ethernet68,str-7260-16,Ethernet18,40000,474,Access,off
str-s6000-acs-10,Ethernet72,str-7260-16,Ethernet19,40000,475,Access,off
str-s6000-acs-10,Ethernet76,str-7260-16,Ethernet20,40000,476,Access,off
str-s6000-acs-10,Ethernet80,str-7260-16,Ethernet21,40000,477,Access,off
str-s6000-acs-10,Ethernet84,str-7260-16,Ethernet22,40000,478,Access,off
str-s6000-acs-10,Ethernet88,str-7260-16,Ethernet23,40000,479,Access,off
str-s6000-acs-10,Ethernet92,str-7260-16,Ethernet24,40000,480,Access,off
str-s6000-acs-10,Ethernet96,str-7260-16,Ethernet25,40000,481,Access,off
str-s6000-acs-10,Ethernet100,str-7260-16,Ethernet26,40000,482,Access,off
str-s6000-acs-10,Ethernet104,str-7260-16,Ethernet27,40000,483,Access,off
str-s6000-acs-10,Ethernet108,str-7260-16,Ethernet28,40000,484,Access,off
str-s6000-acs-10,Ethernet112,str-7260-16,Ethernet29,40000,485,Access,off
str-s6000-acs-10,Ethernet116,str-7260-16,Ethernet30,40000,486,Access,off
str-s6000-acs-10,Ethernet120,str-7260-16,Ethernet31,40000,487,Access,off
str-s6000-acs-10,Ethernet124,str-7260-16,Ethernet32,40000,488,Access,off
str-s6000-acs-11,Ethernet0,str-7260-17,Ethernet1,40000,489,Access,off
str-s6000-acs-11,Ethernet4,str-7260-17,Ethernet2,40000,490,Access,off
str-s6000-acs-11,Ethernet8,str-7260-17,Ethernet3,40000,491,Access,off
str-s6000-acs-11,Ethernet12,str-7260-17,Ethernet4,40000,492,Access,off
str-s6000-acs-11,Ethernet16,str-7260-17,Ethernet5,40000,493,Access,off
str-s6000-acs-11,Ethernet20,str-7260-17,Ethernet6,40000,494,Access,off
str-s6000-acs-11,Ethernet24,str-7260-17,Ethernet7,40000,495,Access,off
str-s6000-acs-11,Ethernet28,str-7260-17,Ethernet8,40000,496,Access,off
str-s6000-acs-11,Ethernet32,str-7260-17,Ethernet9,40000,497,Access,off
str-s6000-acs-11,Ethernet36,str-7260-17,Ethernet10,40000,498,Access,off
str-s6000-acs-11,Ethernet40,str-7260-17,Ethernet11,40000,499,Access,off
str-s6000-acs-11,Ethernet44,str-7260-17,Ethernet12,40000,500,Access,off
str-s6000-acs-11,Ethernet48,str-7260-17,Ethernet13,40000,501,Access,off
str-s6000-acs-11,Ethernet52,str-7260-17,Ethernet14,40000,502,Access,off
str-s6000-acs-11,Ethernet56,str-7260-17,Ethernet15,40000,503,Access,off
str-s6000-acs-11,Ethernet60,str-7260-17,Ethernet16,40000,504,Access,off
str-s6000-acs-11,Ethernet64,str-7260-17,Ethernet17,40000,505,Access,off
str-s6000-acs-11,Ethernet68,str-7260-17,Ethernet18,40000,506,Access,off
str-s6000-acs-11,Ethernet72,str-7260-17,Ethernet19,40000,507,Access,off
str-s6000-acs-11,Ethernet76,str-7260-17,Ethernet20,40000,508,Access,off
str-s6000-acs-11,Ethernet80,str-7260-17,Ethernet21,40000,509,Access,off
str-s6000-acs-11,Ethernet84,str-7260-17,Ethernet22,40000,510,Access,off
str-s6000-acs-11,Ethernet88,str-7260-17,Ethernet23,40000,511,Access,off
str-s6000-acs-11,Ethernet92,str-7260-17,Ethernet24,40000,512,Access,off
str-s6000-acs-11,Ethernet96,str-7260-17,Ethernet25,40000,513,Access,off
str-s6000-acs-11,Ethernet100,str-7260-17,Ethernet26,40000,514,Access,off
str-s6000-acs-11,Ethernet104,str-7260-17,Ethernet27,40000,515,Access,off
str-s6000-acs-11,Ethernet108,str-7260-17,Ethernet28,40000,516,Access,off
str-s6000-acs-11,Ethernet112,str-7260-17,Ethernet29,40000,517,Access,off
str-s6000-acs-11,Ethernet116,str-7260-17,Ethernet30,40000,518,Access,off
str-s6000-acs-11,Ethernet120,str-7260-17,Ethernet31,40000,519,Access,off
str-s6000-acs-11,Ethernet124,str-7260-17,Ethernet32,40000,520,Access,off
str-msn2700-01,Ethernet0,str-7260-24,Ethernet1/1,100000,681,Access,off
str-msn2700-01,Ethernet4,str-7260-24,Ethernet2/1,100000,682,Access,off
str-msn2700-01,Ethernet8,str-7260-24,Ethernet3/1,100000,683,Access,off
str-msn2700-01,Ethernet12,str-7260-24,Ethernet4/1,100000,684,Access,off
str-msn2700-01,Ethernet16,str-7260-24,Ethernet5/1,100000,685,Access,off
str-msn2700-01,Ethernet20,str-7260-24,Ethernet6/1,100000,686,Access,off
str-msn2700-01,Ethernet24,str-7260-24,Ethernet7/1,100000,687,Access,off
str-msn2700-01,Ethernet28,str-7260-24,Ethernet8/1,100000,688,Access,off
str-msn2700-01,Ethernet32,str-7260-24,Ethernet9/1,100000,689,Access,off
str-msn2700-01,Ethernet36,str-7260-24,Ethernet10/1,100000,690,Access,off
str-msn2700-01,Ethernet40,str-7260-24,Ethernet11/1,100000,691,Access,off
str-msn2700-01,Ethernet44,str-7260-24,Ethernet12/1,100000,692,Access,off
str-msn2700-01,Ethernet48,str-7260-24,Ethernet13/1,100000,693,Access,off
str-msn2700-01,Ethernet52,str-7260-24,Ethernet14/1,100000,694,Access,off
str-msn2700-01,Ethernet56,str-7260-24,Ethernet15/1,100000,695,Access,off
str-msn2700-01,Ethernet60,str-7260-24,Ethernet16/1,100000,696,Access,off
str-msn2700-01,Ethernet64,str-7260-24,Ethernet17/1,100000,697,Access,off
str-msn2700-01,Ethernet68,str-7260-24,Ethernet18/1,100000,698,Access,off
str-msn2700-01,Ethernet72,str-7260-24,Ethernet19/1,100000,699,Access,off
str-msn2700-01,Ethernet76,str-7260-24,Ethernet20/1,100000,700,Access,off
str-msn2700-01,Ethernet80,str-7260-24,Ethernet21/1,100000,701,Access,off
str-msn2700-01,Ethernet84,str-7260-24,Ethernet22/1,100000,702,Access,off
str-msn2700-01,Ethernet88,str-7260-24,Ethernet23/1,100000,703,Access,off
str-msn2700-01,Ethernet92,str-7260-24,Ethernet24/1,100000,704,Access,off
str-msn2700-01,Ethernet96,str-7260-24,Ethernet25/1,100000,705,Access,off
str-msn2700-01,Ethernet100,str-7260-24,Ethernet26/1,100000,706,Access,off
str-msn2700-01,Ethernet104,str-7260-24,Ethernet27/1,100000,707,Access,off
str-msn2700-01,Ethernet108,str-7260-24,Ethernet28/1,100000,708,Access,off
str-msn2700-01,Ethernet112,str-7260-24,Ethernet29/1,100000,709,Access,off
str-msn2700-01,Ethernet116,str-7260-24,Ethernet30/1,100000,710,Access,off
str-msn2700-01,Ethernet120,str-7260-24,Ethernet31/1,100000,711,Access,off
str-msn2700-01,Ethernet124,str-7260-24,Ethernet32/1,100000,712,Access,off
str-msn2700-02,Ethernet0,str-7260-08,Ethernet1/1,100000,713,Access,off
str-msn2700-02,Ethernet4,str-7260-08,Ethernet2/1,100000,714,Access,off
str-msn2700-02,Ethernet8,str-7260-08,Ethernet3/1,100000,715,Access,off
str-msn2700-02,Ethernet12,str-7260-08,Ethernet4/1,100000,716,Access,off
str-msn2700-02,Ethernet16,str-7260-08,Ethernet5/1,100000,717,Access,off
str-msn2700-02,Ethernet20,str-7260-08,Ethernet6/1,100000,718,Access,off
str-msn2700-02,Ethernet24,str-7260-08,Ethernet7/1,100000,719,Access,off
str-msn2700-02,Ethernet28,str-7260-08,Ethernet8/1,100000,720,Access,off
str-msn2700-02,Ethernet32,str-7260-08,Ethernet9/1,100000,721,Access,off
str-msn2700-02,Ethernet36,str-7260-08,Ethernet10/1,100000,722,Access,off
str-msn2700-02,Ethernet40,str-7260-08,Ethernet11/1,100000,723,Access,off
str-msn2700-02,Ethernet44,str-7260-08,Ethernet12/1,100000,724,Access,off
str-msn2700-02,Ethernet48,str-7260-08,Ethernet13/1,100000,725,Access,off
str-msn2700-02,Ethernet52,str-7260-08,Ethernet14/1,100000,726,Access,off
str-msn2700-02,Ethernet56,str-7260-08,Ethernet15/1,100000,727,Access,off
str-msn2700-02,Ethernet60,str-7260-08,Ethernet16/1,100000,728,Access,off
str-msn2700-02,Ethernet64,str-7260-08,Ethernet17/1,100000,729,Access,off
str-msn2700-02,Ethernet68,str-7260-08,Ethernet18/1,100000,730,Access,off
str-msn2700-02,Ethernet72,str-7260-08,Ethernet19/1,100000,731,Access,off
str-msn2700-02,Ethernet76,str-7260-08,Ethernet20/1,100000,732,Access,off
str-msn2700-02,Ethernet80,str-7260-08,Ethernet21/1,100000,733,Access,off
str-msn2700-02,Ethernet84,str-7260-08,Ethernet22/1,100000,734,Access,off
str-msn2700-02,Ethernet88,str-7260-08,Ethernet23/1,100000,735,Access,off
str-msn2700-02,Ethernet92,str-7260-08,Ethernet24/1,100000,736,Access,off
str-msn2700-02,Ethernet96,str-7260-08,Ethernet25/1,100000,737,Access,off
str-msn2700-02,Ethernet100,str-7260-08,Ethernet26/1,100000,738,Access,off
str-msn2700-02,Ethernet104,str-7260-08,Ethernet27/1,100000,739,Access,off
str-msn2700-02,Ethernet108,str-7260-08,Ethernet28/1,100000,740,Access,off
str-msn2700-02,Ethernet112,str-7260-08,Ethernet29/1,100000,741,Access,off
str-msn2700-02,Ethernet116,str-7260-08,Ethernet30/1,100000,742,Access,off
str-msn2700-02,Ethernet120,str-7260-08,Ethernet31/1,100000,743,Access,off
str-msn2700-02,Ethernet124,str-7260-08,Ethernet32/1,100000,744,Access,off
str-msn2700a1-03,Ethernet0,str-7260cx3-fan-06,Ethernet33/1,100000,3905,Access,off
str-msn2700a1-03,Ethernet4,str-7260cx3-fan-06,Ethernet34/1,100000,3906,Access,off
str-msn2700a1-03,Ethernet8,str-7260cx3-fan-06,Ethernet35/1,100000,3907,Access,off
str-msn2700a1-03,Ethernet12,str-7260cx3-fan-06,Ethernet36/1,100000,3908,Access,off
str-msn2700a1-03,Ethernet16,str-7260cx3-fan-06,Ethernet37/1,100000,3909,Access,off
str-msn2700a1-03,Ethernet20,str-7260cx3-fan-06,Ethernet38/1,100000,3910,Access,off
str-msn2700a1-03,Ethernet24,str-7260cx3-fan-06,Ethernet39/1,100000,3911,Access,on
str-msn2700a1-03,Ethernet28,str-7260cx3-fan-06,Ethernet40/1,100000,3912,Access,on
str-msn2700a1-03,Ethernet32,str-7260cx3-fan-06,Ethernet41/1,100000,3913,Access,on
str-msn2700a1-03,Ethernet36,str-7260cx3-fan-06,Ethernet42/1,100000,3914,Access,on
str-msn2700a1-03,Ethernet40,str-7260cx3-fan-06,Ethernet43/1,100000,3915,Access,off
str-msn2700a1-03,Ethernet44,str-7260cx3-fan-06,Ethernet44/1,100000,3916,Access,off
str-msn2700a1-03,Ethernet48,str-7260cx3-fan-06,Ethernet45/1,100000,3917,Access,off
str-msn2700a1-03,Ethernet52,str-7260cx3-fan-06,Ethernet46/1,100000,3918,Access,off
str-msn2700a1-03,Ethernet56,str-7260cx3-fan-06,Ethernet47/1,100000,3919,Access,off
str-msn2700a1-03,Ethernet60,str-7260cx3-fan-06,Ethernet48/1,100000,3920,Access,off
str-msn2700a1-03,Ethernet64,str-7260cx3-fan-06,Ethernet49/1,100000,3921,Access,off
str-msn2700a1-03,Ethernet68,str-7260cx3-fan-06,Ethernet50/1,100000,3922,Access,off
str-msn2700a1-03,Ethernet72,str-7260cx3-fan-06,Ethernet51/1,100000,3923,Access,off
str-msn2700a1-03,Ethernet76,str-7260cx3-fan-06,Ethernet52/1,100000,3924,Access,off
str-msn2700a1-03,Ethernet80,str-7260cx3-fan-06,Ethernet53/1,100000,3925,Access,off
str-msn2700a1-03,Ethernet84,str-7260cx3-fan-06,Ethernet54/1,100000,3926,Access,off
str-msn2700a1-03,Ethernet88,str-7260cx3-fan-06,Ethernet55/1,100000,3927,Access,off
str-msn2700a1-03,Ethernet92,str-7260cx3-fan-06,Ethernet56/1,100000,3928,Access,off
str-msn2700a1-03,Ethernet96,str-7260cx3-fan-06,Ethernet57/1,100000,3929,Access,off
str-msn2700a1-03,Ethernet100,str-7260cx3-fan-06,Ethernet58/1,100000,3930,Access,off
str-msn2700a1-03,Ethernet104,str-7260-08,Ethernet33/1,100000,745,Access,off
str-msn2700a1-03,Ethernet108,str-7260-08,Ethernet34/1,100000,746,Access,off
str-msn2700a1-03,Ethernet112,str-7260cx3-fan-06,Ethernet59/1,100000,3931,Access,off
str-msn2700a1-03,Ethernet116,str-7260cx3-fan-06,Ethernet60/1,100000,3932,Access,off
str-msn2700a1-03,Ethernet120,str-7260cx3-fan-06,Ethernet61/1,100000,3933,Access,off
str-msn2700a1-03,Ethernet124,str-7260cx3-fan-06,Ethernet62/1,100000,3934,Access,off
str-s6100-acs-1,Ethernet0,str-7260-17,Ethernet33,40000,1001,Access,off
str-s6100-acs-1,Ethernet1,str-7260-17,Ethernet34,40000,1002,Access,off
str-s6100-acs-1,Ethernet2,str-7260-17,Ethernet35,40000,1003,Access,off
str-s6100-acs-1,Ethernet3,str-7260-17,Ethernet36,40000,1004,Access,off
str-s6100-acs-1,Ethernet4,str-7260-17,Ethernet37,40000,1005,Access,off
str-s6100-acs-1,Ethernet5,str-7260-17,Ethernet38,40000,1006,Access,off
str-s6100-acs-1,Ethernet6,str-7260-17,Ethernet39,40000,1007,Access,off
str-s6100-acs-1,Ethernet7,str-7260-17,Ethernet40,40000,1008,Access,off
str-s6100-acs-1,Ethernet8,str-7260-17,Ethernet41,40000,1009,Access,off
str-s6100-acs-1,Ethernet9,str-7260-17,Ethernet42,40000,1010,Access,off
str-s6100-acs-1,Ethernet10,str-7260-17,Ethernet43,40000,1011,Access,off
str-s6100-acs-1,Ethernet11,str-7260-17,Ethernet44,40000,1012,Access,off
str-s6100-acs-1,Ethernet12,str-7260-17,Ethernet45,40000,1013,Access,off
str-s6100-acs-1,Ethernet13,str-7260-17,Ethernet46,40000,1014,Access,off
str-s6100-acs-1,Ethernet14,str-7260-17,Ethernet47,40000,1015,Access,off
str-s6100-acs-1,Ethernet15,str-7260-17,Ethernet48,40000,1016,Access,off
str-s6100-acs-1,Ethernet16,str-7260-17,Ethernet49,40000,1017,Access,off
str-s6100-acs-1,Ethernet17,str-7260-17,Ethernet50,40000,1018,Access,off
str-s6100-acs-1,Ethernet18,str-7260-17,Ethernet51,40000,1019,Access,off
str-s6100-acs-1,Ethernet19,str-7260-17,Ethernet52,40000,1020,Access,off
str-s6100-acs-1,Ethernet20,str-7260-17,Ethernet53,40000,1021,Access,off
str-s6100-acs-1,Ethernet21,str-7260-17,Ethernet54,40000,1022,Access,off
str-s6100-acs-1,Ethernet22,str-7260-17,Ethernet55,40000,1023,Access,off
str-s6100-acs-1,Ethernet23,str-7260-17,Ethernet56,40000,1024,Access,off
str-s6100-acs-1,Ethernet24,str-7260-17,Ethernet57,40000,1025,Access,off
str-s6100-acs-1,Ethernet25,str-7260-17,Ethernet58,40000,1026,Access,off
str-s6100-acs-1,Ethernet26,str-7260-17,Ethernet59,40000,1027,Access,off
str-s6100-acs-1,Ethernet27,str-7260-17,Ethernet60,40000,1028,Access,off
str-s6100-acs-1,Ethernet28,str-7260-18,Ethernet33,40000,1029,Access,off
str-s6100-acs-1,Ethernet29,str-7260-18,Ethernet34,40000,1030,Access,off
str-s6100-acs-1,Ethernet30,str-7260-18,Ethernet35,40000,1031,Access,off
str-s6100-acs-1,Ethernet31,str-7260-18,Ethernet36,40000,1032,Access,off
str-s6100-acs-1,Ethernet32,str-7260-18,Ethernet37,40000,1033,Access,off
str-s6100-acs-1,Ethernet33,str-7260-18,Ethernet38,40000,1034,Access,off
str-s6100-acs-1,Ethernet34,str-7260-18,Ethernet39,40000,1035,Access,off
str-s6100-acs-1,Ethernet35,str-7260-18,Ethernet40,40000,1036,Access,off
str-s6100-acs-1,Ethernet36,str-7260-18,Ethernet41,40000,1037,Access,off
str-s6100-acs-1,Ethernet37,str-7260-18,Ethernet42,40000,1038,Access,off
str-s6100-acs-1,Ethernet38,str-7260-18,Ethernet43,40000,1039,Access,off
str-s6100-acs-1,Ethernet39,str-7260-18,Ethernet44,40000,1040,Access,off
str-s6100-acs-1,Ethernet40,str-7260-18,Ethernet45,40000,1041,Access,off
str-s6100-acs-1,Ethernet41,str-7260-18,Ethernet46,40000,1042,Access,off
str-s6100-acs-1,Ethernet42,str-7260-18,Ethernet47,40000,1043,Access,off
str-s6100-acs-1,Ethernet43,str-7260-18,Ethernet48,40000,1044,Access,off
str-s6100-acs-1,Ethernet44,str-7260-18,Ethernet49,40000,1045,Access,off
str-s6100-acs-1,Ethernet45,str-7260-18,Ethernet50,40000,1046,Access,off
str-s6100-acs-1,Ethernet46,str-7260-18,Ethernet51,40000,1047,Access,off
str-s6100-acs-1,Ethernet47,str-7260-18,Ethernet52,40000,1048,Access,off
str-s6100-acs-1,Ethernet48,str-7260-18,Ethernet53,40000,1049,Access,off
str-s6100-acs-1,Ethernet49,str-7260-18,Ethernet54,40000,1050,Access,off
str-s6100-acs-1,Ethernet50,str-7260-18,Ethernet55,40000,1051,Access,off
str-s6100-acs-1,Ethernet51,str-7260-18,Ethernet56,40000,1052,Access,off
str-s6100-acs-1,Ethernet52,str-7260-18,Ethernet57,40000,1053,Access,off
str-s6100-acs-1,Ethernet53,str-7260-18,Ethernet58,40000,1054,Access,off
str-s6100-acs-1,Ethernet54,str-7260-18,Ethernet59,40000,1055,Access,off
str-s6100-acs-1,Ethernet55,str-7260-18,Ethernet60,40000,1056,Access,off
str-s6100-acs-1,Ethernet56,str-7260-02,Ethernet33,40000,1057,Access,off
str-s6100-acs-1,Ethernet57,str-7260-02,Ethernet34,40000,1058,Access,off
str-s6100-acs-1,Ethernet58,str-7260-02,Ethernet35,40000,1059,Access,off
str-s6100-acs-1,Ethernet59,str-7260-02,Ethernet36,40000,1060,Access,off
str-s6100-acs-1,Ethernet60,str-7260-02,Ethernet37,40000,1061,Access,off
str-s6100-acs-1,Ethernet61,str-7260-02,Ethernet38,40000,1062,Access,off
str-s6100-acs-1,Ethernet62,str-7260-02,Ethernet39,40000,1063,Access,off
str-s6100-acs-1,Ethernet63,str-7260-02,Ethernet40,40000,1064,Access,off
str-7260cx3-acs-1,Ethernet0,str-7060cx-32s-02,Ethernet1/1,50000,1609,Access,off
str-7260cx3-acs-1,Ethernet2,str-7060cx-32s-02,Ethernet1/3,50000,1610,Access,off
str-7260cx3-acs-1,Ethernet4,str-7060cx-32s-02,Ethernet2/1,50000,1611,Access,off
str-7260cx3-acs-1,Ethernet6,str-7060cx-32s-02,Ethernet2/3,50000,1612,Access,off
str-7260cx3-acs-1,Ethernet8,str-7060cx-32s-02,Ethernet3/1,50000,1613,Access,off
str-7260cx3-acs-1,Ethernet10,str-7060cx-32s-02,Ethernet3/3,50000,1614,Access,off
str-7260cx3-acs-1,Ethernet12,str-7060cx-32s-02,Ethernet4/1,50000,1615,Access,off
str-7260cx3-acs-1,Ethernet14,str-7060cx-32s-02,Ethernet4/3,50000,1616,Access,off
str-7260cx3-acs-1,Ethernet16,str-7060cx-32s-02,Ethernet5/1,50000,1617,Access,off
str-7260cx3-acs-1,Ethernet18,str-7060cx-32s-02,Ethernet5/3,50000,1618,Access,off
str-7260cx3-acs-1,Ethernet20,str-7060cx-32s-02,Ethernet6/1,50000,1619,Access,off
str-7260cx3-acs-1,Ethernet22,str-7060cx-32s-02,Ethernet6/3,50000,1620,Access,off
str-7260cx3-acs-1,Ethernet24,str-7060cx-32s-02,Ethernet7/1,50000,1621,Access,off
str-7260cx3-acs-1,Ethernet26,str-7060cx-32s-02,Ethernet7/3,50000,1622,Access,off
str-7260cx3-acs-1,Ethernet28,str-7060cx-32s-02,Ethernet8/1,50000,1623,Access,off
str-7260cx3-acs-1,Ethernet30,str-7060cx-32s-02,Ethernet8/3,50000,1624,Access,off
str-7260cx3-acs-1,Ethernet32,str-7060cx-32s-02,Ethernet9/1,50000,1625,Access,off
str-7260cx3-acs-1,Ethernet34,str-7060cx-32s-02,Ethernet9/3,50000,1626,Access,off
str-7260cx3-acs-1,Ethernet36,str-7060cx-32s-02,Ethernet10/1,50000,1627,Access,off
str-7260cx3-acs-1,Ethernet38,str-7060cx-32s-02,Ethernet10/3,50000,1628,Access,off
str-7260cx3-acs-1,Ethernet40,str-7060cx-32s-02,Ethernet11/1,50000,1629,Access,off
str-7260cx3-acs-1,Ethernet42,str-7060cx-32s-02,Ethernet11/3,50000,1630,Access,off
str-7260cx3-acs-1,Ethernet44,str-7060cx-32s-02,Ethernet12/1,50000,1631,Access,off
str-7260cx3-acs-1,Ethernet46,str-7060cx-32s-02,Ethernet12/3,50000,1632,Access,off
str-7260cx3-acs-1,Ethernet48,str-7060cx-32s-02,Ethernet13/1,100000,1633,Access,off
str-7260cx3-acs-1,Ethernet52,str-7060cx-32s-02,Ethernet14/1,100000,1634,Access,off
str-7260cx3-acs-1,Ethernet56,str-7060cx-32s-02,Ethernet15/1,100000,1635,Access,off
str-7260cx3-acs-1,Ethernet60,str-7060cx-32s-02,Ethernet16/1,100000,1636,Access,off
str-7260cx3-acs-1,Ethernet64,str-7060cx-32s-02,Ethernet17/1,100000,1637,Access,off
str-7260cx3-acs-1,Ethernet68,str-7060cx-32s-02,Ethernet18/1,100000,1638,Access,off
str-7260cx3-acs-1,Ethernet72,str-7060cx-32s-02,Ethernet19/1,100000,1639,Access,off
str-7260cx3-acs-1,Ethernet76,str-7060cx-32s-02,Ethernet20/1,100000,1640,Access,off
str-7260cx3-acs-1,Ethernet80,str-7060cx-32s-02,Ethernet21/1,50000,1641,Access,off
str-7260cx3-acs-1,Ethernet82,str-7060cx-32s-02,Ethernet21/3,50000,1642,Access,off
str-7260cx3-acs-1,Ethernet84,str-7060cx-32s-02,Ethernet22/1,50000,1643,Access,off
str-7260cx3-acs-1,Ethernet86,str-7060cx-32s-02,Ethernet22/3,50000,1644,Access,off
str-7260cx3-acs-1,Ethernet88,str-7060cx-32s-02,Ethernet23/1,50000,1645,Access,off
str-7260cx3-acs-1,Ethernet90,str-7060cx-32s-02,Ethernet23/3,50000,1646,Access,off
str-7260cx3-acs-1,Ethernet92,str-7060cx-32s-02,Ethernet24/1,50000,1647,Access,off
str-7260cx3-acs-1,Ethernet94,str-7060cx-32s-02,Ethernet24/3,50000,1648,Access,off
str-7260cx3-acs-1,Ethernet96,str-7060cx-32s-02,Ethernet25/1,50000,1649,Access,off
str-7260cx3-acs-1,Ethernet98,str-7060cx-32s-02,Ethernet25/3,50000,1650,Access,off
str-7260cx3-acs-1,Ethernet100,str-7060cx-32s-02,Ethernet26/1,50000,1651,Access,off
str-7260cx3-acs-1,Ethernet102,str-7060cx-32s-02,Ethernet26/3,50000,1652,Access,off
str-7260cx3-acs-1,Ethernet104,str-7060cx-32s-02,Ethernet27/1,50000,1653,Access,off
str-7260cx3-acs-1,Ethernet106,str-7060cx-32s-02,Ethernet27/3,50000,1654,Access,off
str-7260cx3-acs-1,Ethernet108,str-7060cx-32s-02,Ethernet28/1,50000,1655,Access,off
str-7260cx3-acs-1,Ethernet110,str-7060cx-32s-02,Ethernet28/3,50000,1656,Access,off
str-7260cx3-acs-1,Ethernet112,str-7060cx-32s-02,Ethernet29/1,50000,1657,Access,off
str-7260cx3-acs-1,Ethernet114,str-7060cx-32s-02,Ethernet29/3,50000,1658,Access,off
str-7260cx3-acs-1,Ethernet116,str-7060cx-32s-03,Ethernet1/1,50000,1659,Access,off
str-7260cx3-acs-1,Ethernet118,str-7060cx-32s-03,Ethernet1/3,50000,1660,Access,off
str-7260cx3-acs-1,Ethernet120,str-7060cx-32s-03,Ethernet2/1,50000,1661,Access,off
str-7260cx3-acs-1,Ethernet122,str-7060cx-32s-03,Ethernet2/3,50000,1662,Access,off
str-7260cx3-acs-1,Ethernet124,str-7060cx-32s-03,Ethernet3/1,50000,1663,Access,off
str-7260cx3-acs-1,Ethernet126,str-7060cx-32s-03,Ethernet3/3,50000,1664,Access,off
str-7260cx3-acs-1,Ethernet128,str-7060cx-32s-03,Ethernet4/1,50000,1665,Access,off
str-7260cx3-acs-1,Ethernet130,str-7060cx-32s-03,Ethernet4/3,50000,1666,Access,off
str-7260cx3-acs-1,Ethernet132,str-7060cx-32s-03,Ethernet5/1,50000,1667,Access,off
str-7260cx3-acs-1,Ethernet134,str-7060cx-32s-03,Ethernet5/3,50000,1668,Access,off
str-7260cx3-acs-1,Ethernet136,str-7060cx-32s-03,Ethernet6/1,50000,1669,Access,off
str-7260cx3-acs-1,Ethernet138,str-7060cx-32s-03,Ethernet6/3,50000,1670,Access,off
str-7260cx3-acs-1,Ethernet140,str-7060cx-32s-03,Ethernet7/1,50000,1671,Access,off
str-7260cx3-acs-1,Ethernet142,str-7060cx-32s-03,Ethernet7/3,50000,1672,Access,off
str-7260cx3-acs-1,Ethernet144,str-7060cx-32s-03,Ethernet8/1,50000,1673,Access,off
str-7260cx3-acs-1,Ethernet146,str-7060cx-32s-03,Ethernet8/3,50000,1674,Access,off
str-7260cx3-acs-1,Ethernet148,str-7060cx-32s-03,Ethernet9/1,50000,1675,Access,off
str-7260cx3-acs-1,Ethernet150,str-7060cx-32s-03,Ethernet9/3,50000,1676,Access,off
str-7260cx3-acs-1,Ethernet152,str-7060cx-32s-03,Ethernet10/1,50000,1677,Access,off
str-7260cx3-acs-1,Ethernet154,str-7060cx-32s-03,Ethernet10/3,50000,1678,Access,off
str-7260cx3-acs-1,Ethernet156,str-7060cx-32s-03,Ethernet11/1,50000,1679,Access,off
str-7260cx3-acs-1,Ethernet158,str-7060cx-32s-03,Ethernet11/3,50000,1680,Access,off
str-7260cx3-acs-1,Ethernet160,str-7060cx-32s-03,Ethernet12/1,50000,1681,Access,off
str-7260cx3-acs-1,Ethernet162,str-7060cx-32s-03,Ethernet12/3,50000,1682,Access,off
str-7260cx3-acs-1,Ethernet164,str-7060cx-32s-03,Ethernet13/1,50000,1683,Access,off
str-7260cx3-acs-1,Ethernet166,str-7060cx-32s-03,Ethernet13/3,50000,1684,Access,off
str-7260cx3-acs-1,Ethernet168,str-7060cx-32s-03,Ethernet14/1,50000,1685,Access,off
str-7260cx3-acs-1,Ethernet170,str-7060cx-32s-03,Ethernet14/3,50000,1686,Access,off
str-7260cx3-acs-1,Ethernet172,str-7060cx-32s-03,Ethernet15/1,50000,1687,Access,off
str-7260cx3-acs-1,Ethernet174,str-7060cx-32s-03,Ethernet15/3,50000,1688,Access,off
str-7260cx3-acs-1,Ethernet176,str-7060cx-32s-03,Ethernet16/1,50000,1689,Access,off
str-7260cx3-acs-1,Ethernet178,str-7060cx-32s-03,Ethernet16/3,50000,1690,Access,off
str-7260cx3-acs-1,Ethernet180,str-7060cx-32s-03,Ethernet17/1,50000,1691,Access,off
str-7260cx3-acs-1,Ethernet182,str-7060cx-32s-03,Ethernet17/3,50000,1692,Access,off
str-7260cx3-acs-1,Ethernet184,str-7060cx-32s-03,Ethernet18/1,50000,1693,Access,off
str-7260cx3-acs-1,Ethernet186,str-7060cx-32s-03,Ethernet18/3,50000,1694,Access,off
str-7260cx3-acs-1,Ethernet188,str-7060cx-32s-03,Ethernet19/1,50000,1695,Access,off
str-7260cx3-acs-1,Ethernet190,str-7060cx-32s-03,Ethernet19/3,50000,1696,Access,off
str-7260cx3-acs-1,Ethernet192,str-7060cx-32s-03,Ethernet20/1,50000,1697,Access,off
str-7260cx3-acs-1,Ethernet194,str-7060cx-32s-03,Ethernet20/3,50000,1698,Access,off
str-7260cx3-acs-1,Ethernet196,str-7060cx-32s-03,Ethernet21/1,50000,1699,Access,off
str-7260cx3-acs-1,Ethernet198,str-7060cx-32s-03,Ethernet21/3,50000,1700,Access,off
str-7260cx3-acs-1,Ethernet200,str-7060cx-32s-03,Ethernet22/1,50000,1701,Access,off
str-7260cx3-acs-1,Ethernet202,str-7060cx-32s-03,Ethernet22/3,50000,1702,Access,off
str-7260cx3-acs-1,Ethernet204,str-7060cx-32s-03,Ethernet23/1,50000,1703,Access,off
str-7260cx3-acs-1,Ethernet206,str-7060cx-32s-03,Ethernet23/3,50000,1704,Access,off
str-7260cx3-acs-1,Ethernet208,str-7060cx-32s-03,Ethernet24/1,50000,1705,Access,off
str-7260cx3-acs-1,Ethernet210,str-7060cx-32s-03,Ethernet24/3,50000,1706,Access,off
str-7260cx3-acs-1,Ethernet212,str-7060cx-32s-03,Ethernet25/1,50000,1707,Access,off
str-7260cx3-acs-1,Ethernet214,str-7060cx-32s-03,Ethernet25/3,50000,1708,Access,off
str-7260cx3-acs-1,Ethernet216,str-7060cx-32s-03,Ethernet26/1,50000,1709,Access,off
str-7260cx3-acs-1,Ethernet218,str-7060cx-32s-03,Ethernet26/3,50000,1710,Access,off
str-7260cx3-acs-1,Ethernet220,str-7060cx-32s-03,Ethernet27/1,50000,1711,Access,off
str-7260cx3-acs-1,Ethernet222,str-7060cx-32s-03,Ethernet27/3,50000,1712,Access,off
str-7260cx3-acs-1,Ethernet224,str-7060cx-32s-03,Ethernet28/1,50000,1713,Access,off
str-7260cx3-acs-1,Ethernet226,str-7060cx-32s-03,Ethernet28/3,50000,1714,Access,off
str-7260cx3-acs-1,Ethernet228,str-7060cx-32s-03,Ethernet29/1,50000,1715,Access,off
str-7260cx3-acs-1,Ethernet230,str-7060cx-32s-03,Ethernet29/3,50000,1716,Access,off
str-7260cx3-acs-1,Ethernet232,str-7060cx-32s-04,Ethernet1/1,50000,1717,Access,off
str-7260cx3-acs-1,Ethernet234,str-7060cx-32s-04,Ethernet1/3,50000,1718,Access,off
str-7260cx3-acs-1,Ethernet236,str-7060cx-32s-04,Ethernet2/1,50000,1719,Access,off
str-7260cx3-acs-1,Ethernet238,str-7060cx-32s-04,Ethernet2/3,50000,1720,Access,off
str-7260cx3-acs-1,Ethernet240,str-7060cx-32s-04,Ethernet3/1,50000,1721,Access,off
str-7260cx3-acs-1,Ethernet242,str-7060cx-32s-04,Ethernet3/3,50000,1722,Access,off
str-7260cx3-acs-1,Ethernet244,str-7060cx-32s-04,Ethernet4/1,50000,1723,Access,off
str-7260cx3-acs-1,Ethernet246,str-7060cx-32s-04,Ethernet4/3,50000,1724,Access,off
str-7260cx3-acs-1,Ethernet248,str-7060cx-32s-04,Ethernet5/1,50000,1725,Access,off
str-7260cx3-acs-1,Ethernet250,str-7060cx-32s-04,Ethernet5/3,50000,1726,Access,off
str-7260cx3-acs-1,Ethernet252,str-7060cx-32s-04,Ethernet6/1,50000,1727,Access,off
str-7260cx3-acs-1,Ethernet254,str-7060cx-32s-04,Ethernet6/3,50000,1728,Access,off
str-msn2700-22,Ethernet0,str-7060cx-32s-05,Ethernet10/1,100000,1481,Access,off
str-msn2700-22,Ethernet4,str-7060cx-32s-05,Ethernet11/1,100000,1482,Access,off
str-msn2700-22,Ethernet8,str-7060cx-32s-05,Ethernet12/1,100000,1483,Access,off
str-msn2700-22,Ethernet12,str-7060cx-32s-05,Ethernet13/1,100000,1484,Access,off
str-msn2700-22,Ethernet16,str-7060cx-32s-05,Ethernet14/1,100000,1485,Access,off
str-msn2700-22,Ethernet20,str-7060cx-32s-05,Ethernet15/1,100000,1486,Access,off
str-msn2700-22,Ethernet24,str-7060cx-32s-05,Ethernet16/1,100000,1487,Access,on
str-msn2700-22,Ethernet28,str-7060cx-32s-05,Ethernet17/1,100000,1488,Access,on
str-msn2700-22,Ethernet32,str-7060cx-32s-05,Ethernet18/1,100000,1489,Access,on
str-msn2700-22,Ethernet36,str-7060cx-32s-05,Ethernet19/1,100000,1490,Access,on
str-msn2700-22,Ethernet40,str-7060cx-32s-05,Ethernet20/1,100000,1491,Access,off
str-msn2700-22,Ethernet44,str-7060cx-32s-05,Ethernet21/1,100000,1492,Access,off
str-msn2700-22,Ethernet48,str-7060cx-32s-05,Ethernet22/1,100000,1493,Access,off
str-msn2700-22,Ethernet52,str-7060cx-32s-05,Ethernet23/1,100000,1494,Access,off
str-msn2700-22,Ethernet56,str-7060cx-32s-05,Ethernet24/1,100000,1495,Access,off
str-msn2700-22,Ethernet60,str-7060cx-32s-05,Ethernet25/1,100000,1496,Access,off
str-msn2700-22,Ethernet64,str-7060cx-32s-05,Ethernet26/1,100000,1497,Access,off
str-msn2700-22,Ethernet68,str-7060cx-32s-05,Ethernet27/1,100000,1498,Access,off
str-msn2700-22,Ethernet72,str-7060cx-32s-05,Ethernet28/1,100000,1499,Access,off
str-msn2700-22,Ethernet76,str-7060cx-32s-05,Ethernet29/1,100000,1500,Access,off
str-msn2700-22,Ethernet80,str-7060cx-32s-06,Ethernet1/1,100000,1501,Access,off
str-msn2700-22,Ethernet84,str-7060cx-32s-06,Ethernet2/1,100000,1502,Access,off
str-msn2700-22,Ethernet88,str-7060cx-32s-06,Ethernet3/1,100000,1503,Access,off
str-msn2700-22,Ethernet92,str-7060cx-32s-06,Ethernet4/1,100000,1504,Access,off
str-msn2700-22,Ethernet96,str-7060cx-32s-06,Ethernet5/1,100000,1505,Access,off
str-msn2700-22,Ethernet100,str-7060cx-32s-06,Ethernet6/1,100000,1506,Access,off
str-msn2700-22,Ethernet104,str-7060cx-32s-06,Ethernet7/1,100000,1507,Access,off
str-msn2700-22,Ethernet108,str-7060cx-32s-06,Ethernet8/1,100000,1508,Access,off
str-msn2700-22,Ethernet112,str-7060cx-32s-06,Ethernet9/1,100000,1509,Access,off
str-msn2700-22,Ethernet116,str-7060cx-32s-06,Ethernet10/1,100000,1510,Access,off
str-msn2700-22,Ethernet120,str-7060cx-32s-06,Ethernet11/1,100000,1511,Access,off
str-msn2700-22,Ethernet124,str-7060cx-32s-06,Ethernet12/1,100000,1512,Access,off
str-a7060cx-acs-10,Ethernet0,str-7060cx-32s-07,Ethernet16/1,100000,1545,Access,off
str-a7060cx-acs-10,Ethernet4,str-7060cx-32s-07,Ethernet17/1,100000,1546,Access,off
str-a7060cx-acs-10,Ethernet8,str-7060cx-32s-07,Ethernet18/1,100000,1547,Access,off
str-a7060cx-acs-10,Ethernet12,str-7060cx-32s-07,Ethernet19/1,100000,1548,Access,off
str-a7060cx-acs-10,Ethernet16,str-7060cx-32s-07,Ethernet20/1,100000,1549,Access,off
str-a7060cx-acs-10,Ethernet20,str-7060cx-32s-07,Ethernet21/1,100000,1550,Access,off
str-a7060cx-acs-10,Ethernet24,str-7060cx-32s-07,Ethernet22/1,100000,1551,Access,off
str-a7060cx-acs-10,Ethernet28,str-7060cx-32s-07,Ethernet23/1,100000,1552,Access,off
str-a7060cx-acs-10,Ethernet32,str-7060cx-32s-07,Ethernet24/1,100000,1553,Access,off
str-a7060cx-acs-10,Ethernet36,str-7060cx-32s-07,Ethernet25/1,100000,1554,Access,off
str-a7060cx-acs-10,Ethernet40,str-7060cx-32s-07,Ethernet26/1,100000,1555,Access,off
str-a7060cx-acs-10,Ethernet44,str-7060cx-32s-07,Ethernet27/1,100000,1556,Access,off
str-a7060cx-acs-10,Ethernet48,str-7060cx-32s-07,Ethernet28/1,100000,1557,Access,off
str-a7060cx-acs-10,Ethernet52,str-7060cx-32s-07,Ethernet29/1,100000,1558,Access,off
str-a7060cx-acs-10,Ethernet56,str-7060cx-32s-08,Ethernet0,100000,1559,Access,off
str-a7060cx-acs-10,Ethernet60,str-7060cx-32s-08,Ethernet4,100000,1560,Access,off
str-a7060cx-acs-10,Ethernet64,str-7060cx-32s-08,Ethernet8,100000,1561,Access,off
str-a7060cx-acs-10,Ethernet68,str-7060cx-32s-08,Ethernet12,100000,1562,Access,off
str-a7060cx-acs-10,Ethernet72,str-7060cx-32s-08,Ethernet16,100000,1563,Access,off
str-a7060cx-acs-10,Ethernet76,str-7060cx-32s-08,Ethernet20,100000,1564,Access,off
str-a7060cx-acs-10,Ethernet80,str-7060cx-32s-08,Ethernet24,100000,1565,Access,off
str-a7060cx-acs-10,Ethernet84,str-7060cx-32s-08,Ethernet28,100000,1566,Access,off
str-a7060cx-acs-10,Ethernet88,str-7060cx-32s-08,Ethernet32,100000,1567,Access,off
str-a7060cx-acs-10,Ethernet92,str-7060cx-32s-08,Ethernet36,100000,1568,Access,off
str-a7060cx-acs-10,Ethernet96,str-7060cx-32s-08,Ethernet40,100000,1569,Access,off
str-a7060cx-acs-10,Ethernet100,str-7060cx-32s-08,Ethernet44,100000,1570,Access,off
str-a7060cx-acs-10,Ethernet104,str-7060cx-32s-08,Ethernet48,100000,1571,Access,off
str-a7060cx-acs-10,Ethernet108,str-7060cx-32s-08,Ethernet52,100000,1572,Access,off
str-a7060cx-acs-10,Ethernet112,str-7060cx-32s-08,Ethernet56,100000,1573,Access,off
str-a7060cx-acs-10,Ethernet116,str-7060cx-32s-08,Ethernet60,100000,1574,Access,off
str-a7060cx-acs-10,Ethernet120,str-7060cx-32s-08,Ethernet64,100000,1575,Access,off
str-a7060cx-acs-10,Ethernet124,str-7060cx-32s-08,Ethernet68,100000,1576,Access,off
str-a7060cx-acs-1,Ethernet0,str-7060cx-32s-07,Ethernet30/1,50000,1385,Access,off
str-a7060cx-acs-1,Ethernet2,str-7060cx-32s-07,Ethernet30/3,50000,1386,Access,off
str-a7060cx-acs-1,Ethernet4,str-7060cx-32s-07,Ethernet31/1,50000,1387,Access,off
str-a7060cx-acs-1,Ethernet6,str-7060cx-32s-07,Ethernet31/3,50000,1388,Access,off
str-a7060cx-acs-1,Ethernet8,str-7060cx-32s-17,Ethernet1/1,50000,1389,Access,off
str-a7060cx-acs-1,Ethernet10,str-7060cx-32s-17,Ethernet1/3,50000,1390,Access,off
str-a7060cx-acs-1,Ethernet12,str-7060cx-32s-17,Ethernet2/1,50000,1391,Access,off
str-a7060cx-acs-1,Ethernet14,str-7060cx-32s-17,Ethernet2/3,50000,1392,Access,off
str-a7060cx-acs-1,Ethernet16,str-7060cx-32s-17,Ethernet3/1,50000,1393,Access,off
str-a7060cx-acs-1,Ethernet18,str-7060cx-32s-17,Ethernet3/3,50000,1394,Access,off
str-a7060cx-acs-1,Ethernet20,str-7060cx-32s-17,Ethernet4/1,50000,1395,Access,off
str-a7060cx-acs-1,Ethernet22,str-7060cx-32s-17,Ethernet4/3,50000,1396,Access,off
str-a7060cx-acs-1,Ethernet24,str-7060cx-32s-17,Ethernet5/1,100000,1397,Access,off
str-a7060cx-acs-1,Ethernet28,str-7060cx-32s-17,Ethernet6/1,100000,1398,Access,off
str-a7060cx-acs-1,Ethernet32,str-7060cx-32s-17,Ethernet7/1,100000,1399,Access,off
str-a7060cx-acs-1,Ethernet36,str-7060cx-32s-17,Ethernet8/1,100000,1400,Access,off
str-a7060cx-acs-1,Ethernet40,str-7060cx-32s-17,Ethernet9/1,50000,1401,Access,off
str-a7060cx-acs-1,Ethernet42,str-7060cx-32s-17,Ethernet9/3,50000,1402,Access,off
str-a7060cx-acs-1,Ethernet44,str-7060cx-32s-17,Ethernet10/1,50000,1403,Access,off
str-a7060cx-acs-1,Ethernet46,str-7060cx-32s-17,Ethernet10/3,50000,1404,Access,off
str-a7060cx-acs-1,Ethernet48,str-7060cx-32s-17,Ethernet11/1,50000,1405,Access,off
str-a7060cx-acs-1,Ethernet50,str-7060cx-32s-17,Ethernet11/3,50000,1406,Access,off
str-a7060cx-acs-1,Ethernet52,str-7060cx-32s-17,Ethernet12/1,50000,1407,Access,off
str-a7060cx-acs-1,Ethernet54,str-7060cx-32s-17,Ethernet12/3,50000,1408,Access,off
str-a7060cx-acs-1,Ethernet56,str-7060cx-32s-17,Ethernet13/1,50000,1409,Access,off
str-a7060cx-acs-1,Ethernet58,str-7060cx-32s-17,Ethernet13/3,50000,1410,Access,off
str-a7060cx-acs-1,Ethernet60,str-7060cx-32s-17,Ethernet14/1,50000,1411,Access,off
str-a7060cx-acs-1,Ethernet62,str-7060cx-32s-17,Ethernet14/3,50000,1412,Access,off
str-a7060cx-acs-1,Ethernet64,str-7060cx-32s-17,Ethernet15/1,50000,1413,Access,off
str-a7060cx-acs-1,Ethernet66,str-7060cx-32s-17,Ethernet15/3,50000,1414,Access,off
str-a7060cx-acs-1,Ethernet68,str-7060cx-32s-17,Ethernet16/1,50000,1415,Access,off
str-a7060cx-acs-1,Ethernet70,str-7060cx-32s-17,Ethernet16/3,50000,1416,Access,off
str-a7060cx-acs-1,Ethernet72,str-7060cx-32s-17,Ethernet17/1,50000,1417,Access,off
str-a7060cx-acs-1,Ethernet74,str-7060cx-32s-17,Ethernet17/3,50000,1418,Access,off
str-a7060cx-acs-1,Ethernet76,str-7060cx-32s-17,Ethernet18/1,50000,1419,Access,off
str-a7060cx-acs-1,Ethernet78,str-7060cx-32s-17,Ethernet18/3,50000,1420,Access,off
str-a7060cx-acs-1,Ethernet80,str-7060cx-32s-17,Ethernet19/1,50000,1421,Access,off
str-a7060cx-acs-1,Ethernet82,str-7060cx-32s-17,Ethernet19/3,50000,1422,Access,off
str-a7060cx-acs-1,Ethernet84,str-7060cx-32s-17,Ethernet20/1,50000,1423,Access,off
str-a7060cx-acs-1,Ethernet86,str-7060cx-32s-17,Ethernet20/3,50000,1424,Access,off
str-a7060cx-acs-1,Ethernet88,str-7060cx-32s-17,Ethernet21/1,100000,1425,Access,off
str-a7060cx-acs-1,Ethernet92,str-7060cx-32s-17,Ethernet22/1,100000,1426,Access,off
str-a7060cx-acs-1,Ethernet96,str-7060cx-32s-17,Ethernet23/1,100000,1427,Access,off
str-a7060cx-acs-1,Ethernet100,str-7060cx-32s-17,Ethernet24/1,100000,1428,Access,off
str-a7060cx-acs-1,Ethernet104,str-7060cx-32s-17,Ethernet25/1,50000,1429,Access,off
str-a7060cx-acs-1,Ethernet106,str-7060cx-32s-17,Ethernet25/3,50000,1430,Access,off
str-a7060cx-acs-1,Ethernet108,str-7060cx-32s-17,Ethernet26/1,50000,1431,Access,off
str-a7060cx-acs-1,Ethernet110,str-7060cx-32s-17,Ethernet26/3,50000,1432,Access,off
str-a7060cx-acs-1,Ethernet112,str-7060cx-32s-17,Ethernet27/1,50000,1433,Access,off
str-a7060cx-acs-1,Ethernet114,str-7060cx-32s-17,Ethernet27/3,50000,1434,Access,off
str-a7060cx-acs-1,Ethernet116,str-7060cx-32s-17,Ethernet28/1,50000,1435,Access,off
str-a7060cx-acs-1,Ethernet118,str-7060cx-32s-17,Ethernet28/3,50000,1436,Access,off
str-a7060cx-acs-1,Ethernet120,str-7060cx-32s-17,Ethernet29/1,50000,1437,Access,off
str-a7060cx-acs-1,Ethernet122,str-7060cx-32s-17,Ethernet29/3,50000,1438,Access,off
str-a7060cx-acs-1,Ethernet124,str-7060cx-32s-17,Ethernet30/1,50000,1439,Access,off
str-a7060cx-acs-1,Ethernet126,str-7060cx-32s-17,Ethernet30/3,50000,1440,Access,off
str-dx010-acs-1,Ethernet0,str-7060cx-32s-21,Ethernet1/1,100000,1979,Access,off
str-dx010-acs-1,Ethernet4,str-7060cx-32s-21,Ethernet2/1,100000,1980,Access,off
str-dx010-acs-1,Ethernet8,str-7060cx-32s-21,Ethernet3/1,100000,1981,Access,off
str-dx010-acs-1,Ethernet12,str-7060cx-32s-21,Ethernet4/1,100000,1982,Access,off
str-dx010-acs-1,Ethernet16,str-7060cx-32s-21,Ethernet5/1,100000,1983,Access,off
str-dx010-acs-1,Ethernet20,str-7060cx-32s-21,Ethernet6/1,100000,1984,Access,off
str-dx010-acs-1,Ethernet24,str-7060cx-32s-21,Ethernet7/1,100000,1985,Access,off
str-dx010-acs-1,Ethernet28,str-7060cx-32s-21,Ethernet8/1,100000,1986,Access,off
str-dx010-acs-1,Ethernet32,str-7060cx-32s-21,Ethernet9/1,100000,1987,Access,off
str-dx010-acs-1,Ethernet36,str-7060cx-32s-21,Ethernet10/1,100000,1988,Access,off
str-dx010-acs-1,Ethernet40,str-7060cx-32s-21,Ethernet11/1,100000,1989,Access,off
str-dx010-acs-1,Ethernet44,str-7060cx-32s-21,Ethernet12/1,100000,1990,Access,off
str-dx010-acs-1,Ethernet48,str-7060cx-32s-21,Ethernet13/1,100000,1991,Access,off
str-dx010-acs-1,Ethernet52,str-7060cx-32s-21,Ethernet14/1,100000,1992,Access,off
str-dx010-acs-1,Ethernet56,str-7060cx-32s-21,Ethernet15/1,100000,1993,Access,off
str-dx010-acs-1,Ethernet60,str-7060cx-32s-21,Ethernet16/1,100000,1994,Access,off
str-dx010-acs-1,Ethernet64,str-7060cx-32s-21,Ethernet17/1,100000,1995,Access,off
str-dx010-acs-1,Ethernet68,str-7060cx-32s-21,Ethernet18/1,100000,1996,Access,off
str-dx010-acs-1,Ethernet72,str-7060cx-32s-21,Ethernet19/1,100000,1997,Access,off
str-dx010-acs-1,Ethernet76,str-7060cx-32s-21,Ethernet20/1,100000,1998,Access,off
str-dx010-acs-1,Ethernet80,str-7060cx-32s-21,Ethernet21/1,100000,1999,Access,off
str-dx010-acs-1,Ethernet84,str-7060cx-32s-21,Ethernet22/1,100000,2000,Access,off
str-dx010-acs-1,Ethernet88,str-7060cx-32s-21,Ethernet23/1,100000,2001,Access,off
str-dx010-acs-1,Ethernet92,str-7060cx-32s-21,Ethernet24/1,100000,2002,Access,off
str-dx010-acs-1,Ethernet96,str-7060cx-32s-21,Ethernet25/1,100000,2003,Access,off
str-dx010-acs-1,Ethernet100,str-7060cx-32s-21,Ethernet26/1,100000,2004,Access,off
str-dx010-acs-1,Ethernet104,str-7060cx-32s-21,Ethernet27/1,100000,2005,Access,off
str-dx010-acs-1,Ethernet108,str-7060cx-32s-21,Ethernet28/1,100000,2006,Access,off
str-dx010-acs-1,Ethernet112,str-7060cx-32s-21,Ethernet29/1,100000,2007,Access,off
str-dx010-acs-1,Ethernet116,str-7060cx-32s-21,Ethernet30/1,100000,2008,Access,off
str-dx010-acs-1,Ethernet120,str-7060cx-32s-22,Ethernet1/1,100000,2009,Access,off
str-dx010-acs-1,Ethernet124,str-7060cx-32s-22,Ethernet2/1,100000,2010,Access,off
str-msn2700-20,Ethernet0,str-7060cx-32s-04,Ethernet7/1,50000,2065,Access,off
str-msn2700-20,Ethernet2,str-7060cx-32s-04,Ethernet7/3,50000,2066,Access,off
str-msn2700-20,Ethernet4,str-7060cx-32s-04,Ethernet8/1,50000,2067,Access,off
str-msn2700-20,Ethernet6,str-7060cx-32s-04,Ethernet8/3,50000,2068,Access,off
str-msn2700-20,Ethernet8,str-7060cx-32s-04,Ethernet9/1,50000,2069,Access,off
str-msn2700-20,Ethernet10,str-7060cx-32s-04,Ethernet9/3,50000,2070,Access,off
str-msn2700-20,Ethernet12,str-7060cx-32s-04,Ethernet10/1,50000,2071,Access,off
str-msn2700-20,Ethernet14,str-7060cx-32s-04,Ethernet10/3,50000,2072,Access,off
str-msn2700-20,Ethernet16,str-7060cx-32s-04,Ethernet11/1,50000,2073,Access,off
str-msn2700-20,Ethernet18,str-7060cx-32s-04,Ethernet11/3,50000,2074,Access,off
str-msn2700-20,Ethernet20,str-7060cx-32s-04,Ethernet12/1,50000,2075,Access,off
str-msn2700-20,Ethernet22,str-7060cx-32s-04,Ethernet12/3,50000,2076,Access,off
str-msn2700-20,Ethernet24,str-7060cx-32s-04,Ethernet13/1,100000,2077,Access,off
str-msn2700-20,Ethernet28,str-7060cx-32s-04,Ethernet14/1,100000,2078,Access,off
str-msn2700-20,Ethernet32,str-7060cx-32s-04,Ethernet15/1,100000,2079,Access,off
str-msn2700-20,Ethernet36,str-7060cx-32s-04,Ethernet16/1,100000,2080,Access,off
str-msn2700-20,Ethernet40,str-7060cx-32s-04,Ethernet17/1,50000,2081,Access,off
str-msn2700-20,Ethernet42,str-7060cx-32s-04,Ethernet17/3,50000,2082,Access,off
str-msn2700-20,Ethernet44,str-7060cx-32s-04,Ethernet18/1,50000,2083,Access,off
str-msn2700-20,Ethernet46,str-7060cx-32s-04,Ethernet18/3,50000,2084,Access,off
str-msn2700-20,Ethernet48,str-7060cx-32s-04,Ethernet19/1,50000,2085,Access,off
str-msn2700-20,Ethernet50,str-7060cx-32s-04,Ethernet19/3,50000,2086,Access,off
str-msn2700-20,Ethernet52,str-7060cx-32s-04,Ethernet20/1,50000,2087,Access,off
str-msn2700-20,Ethernet54,str-7060cx-32s-04,Ethernet20/3,50000,2088,Access,off
str-msn2700-20,Ethernet56,str-7060cx-32s-04,Ethernet21/1,50000,2089,Access,off
str-msn2700-20,Ethernet58,str-7060cx-32s-04,Ethernet21/3,50000,2090,Access,off
str-msn2700-20,Ethernet60,str-7060cx-32s-04,Ethernet22/1,50000,2091,Access,off
str-msn2700-20,Ethernet62,str-7060cx-32s-04,Ethernet22/3,50000,2092,Access,off
str-msn2700-20,Ethernet64,str-7060cx-32s-04,Ethernet23/1,50000,2093,Access,off
str-msn2700-20,Ethernet66,str-7060cx-32s-04,Ethernet23/3,50000,2094,Access,off
str-msn2700-20,Ethernet68,str-7060cx-32s-04,Ethernet24/1,50000,2095,Access,off
str-msn2700-20,Ethernet70,str-7060cx-32s-04,Ethernet24/3,50000,2096,Access,off
str-msn2700-20,Ethernet72,str-7060cx-32s-04,Ethernet25/1,50000,2097,Access,off
str-msn2700-20,Ethernet74,str-7060cx-32s-04,Ethernet25/3,50000,2098,Access,off
str-msn2700-20,Ethernet76,str-7060cx-32s-04,Ethernet26/1,50000,2099,Access,off
str-msn2700-20,Ethernet78,str-7060cx-32s-04,Ethernet26/3,50000,2100,Access,off
str-msn2700-20,Ethernet80,str-7060cx-32s-04,Ethernet27/1,50000,2101,Access,off
str-msn2700-20,Ethernet82,str-7060cx-32s-04,Ethernet27/3,50000,2102,Access,off
str-msn2700-20,Ethernet84,str-7060cx-32s-04,Ethernet28/1,50000,2103,Access,off
str-msn2700-20,Ethernet86,str-7060cx-32s-04,Ethernet28/3,50000,2104,Access,off
str-msn2700-20,Ethernet88,str-7060cx-32s-04,Ethernet29/1,100000,2105,Access,off
str-msn2700-20,Ethernet92,str-7060cx-32s-05,Ethernet1/1,100000,2106,Access,off
str-msn2700-20,Ethernet96,str-7060cx-32s-05,Ethernet2/1,100000,2107,Access,off
str-msn2700-20,Ethernet100,str-7060cx-32s-05,Ethernet3/1,100000,2108,Access,off
str-msn2700-20,Ethernet104,str-7060cx-32s-05,Ethernet4/1,50000,2109,Access,off
str-msn2700-20,Ethernet106,str-7060cx-32s-05,Ethernet4/3,50000,2110,Access,off
str-msn2700-20,Ethernet108,str-7060cx-32s-05,Ethernet5/1,50000,2111,Access,off
str-msn2700-20,Ethernet110,str-7060cx-32s-05,Ethernet5/3,50000,2112,Access,off
str-msn2700-20,Ethernet112,str-7060cx-32s-05,Ethernet6/1,50000,2113,Access,off
str-msn2700-20,Ethernet114,str-7060cx-32s-05,Ethernet6/3,50000,2114,Access,off
str-msn2700-20,Ethernet116,str-7060cx-32s-05,Ethernet7/1,50000,2115,Access,off
str-msn2700-20,Ethernet118,str-7060cx-32s-05,Ethernet7/3,50000,2116,Access,off
str-msn2700-20,Ethernet120,str-7060cx-32s-05,Ethernet8/1,50000,2117,Access,off
str-msn2700-20,Ethernet122,str-7060cx-32s-05,Ethernet8/3,50000,2118,Access,off
str-msn2700-20,Ethernet124,str-7060cx-32s-05,Ethernet9/1,50000,2119,Access,off
str-msn2700-20,Ethernet126,str-7060cx-32s-05,Ethernet9/3,50000,2120,Access,off
str-msn4700-01,Ethernet0,str-msn4700-fanout-01,Ethernet0,400000,3873,Access,off
str-msn4700-01,Ethernet8,str-msn4700-fanout-01,Ethernet8,400000,3874,Access,off
str-msn4700-01,Ethernet16,str-msn4700-fanout-01,Ethernet16,400000,3875,Access,off
str-msn4700-01,Ethernet24,str-msn4700-fanout-01,Ethernet24,400000,3876,Access,off
str-msn4700-01,Ethernet32,str-msn4700-fanout-01,Ethernet32,400000,3877,Access,off
str-msn4700-01,Ethernet40,str-msn4700-fanout-01,Ethernet40,400000,3878,Access,off
str-msn4700-01,Ethernet48,str-msn4700-fanout-01,Ethernet48,400000,3879,Access,off
str-msn4700-01,Ethernet56,str-msn4700-fanout-01,Ethernet56,400000,3880,Access,off
str-msn4700-01,Ethernet64,str-msn4700-fanout-01,Ethernet64,400000,3881,Access,off
str-msn4700-01,Ethernet72,str-msn4700-fanout-01,Ethernet72,400000,3882,Access,off
str-msn4700-01,Ethernet80,str-msn4700-fanout-01,Ethernet80,400000,3883,Access,off
str-msn4700-01,Ethernet88,str-msn4700-fanout-01,Ethernet88,400000,3884,Access,off
str-msn4700-01,Ethernet96,str-msn4700-fanout-01,Ethernet96,400000,3885,Access,off
str-msn4700-01,Ethernet104,str-msn4700-fanout-01,Ethernet104,400000,3886,Access,off
str-msn4700-01,Ethernet112,str-msn4700-fanout-01,Ethernet112,400000,3887,Access,off
str-msn4700-01,Ethernet120,str-msn4700-fanout-01,Ethernet120,400000,3888,Access,off
str-msn4700-01,Ethernet128,str-msn4700-fanout-01,Ethernet128,400000,3889,Access,off
str-msn4700-01,Ethernet136,str-msn4700-fanout-01,Ethernet136,400000,3890,Access,off
str-msn4700-01,Ethernet144,str-msn4700-fanout-01,Ethernet144,400000,3891,Access,off
str-msn4700-01,Ethernet152,str-msn4700-fanout-01,Ethernet152,400000,3892,Access,off
str-msn4700-01,Ethernet160,str-msn4700-fanout-01,Ethernet160,400000,3893,Access,off
str-msn4700-01,Ethernet168,str-msn4700-fanout-01,Ethernet168,400000,3894,Access,off
str-msn4700-01,Ethernet176,str-msn4700-fanout-01,Ethernet176,400000,3895,Access,off
str-msn4700-01,Ethernet184,str-msn4700-fanout-01,Ethernet184,400000,3896,Access,off
str-msn4700-01,Ethernet192,str-msn4700-fanout-01,Ethernet192,400000,3897,Access,off
str-msn4700-01,Ethernet200,str-msn4700-fanout-01,Ethernet200,400000,3898,Access,off
str-msn4700-01,Ethernet208,str-msn4700-fanout-01,Ethernet208,400000,3899,Access,off
str-msn4700-01,Ethernet216,str-msn4700-fanout-01,Ethernet216,400000,3900,Access,off
str-msn4700-01,Ethernet224,str-msn4700-fanout-01,Ethernet224,400000,3901,Access,off
str-msn4700-01,Ethernet232,str-msn4700-fanout-01,Ethernet232,400000,3902,Access,off
str-msn4700-01,Ethernet240,str-msn4700-fanout-01,Ethernet240,400000,3903,Access,off
str-msn4700-02,Ethernet0,str-msn4700-fanout-02,Ethernet0,400000,3470,Access,off
str-msn4700-02,Ethernet8,str-msn4700-fanout-02,Ethernet8,400000,3471,Access,off
str-msn4700-02,Ethernet16,str-msn4700-fanout-02,Ethernet16,400000,3472,Access,off
str-msn4700-02,Ethernet24,str-msn4700-fanout-02,Ethernet24,400000,3473,Access,off
str-msn4700-02,Ethernet32,str-msn4700-fanout-02,Ethernet32,400000,3474,Access,off
str-msn4700-02,Ethernet40,str-msn4700-fanout-02,Ethernet40,400000,3475,Access,off
str-msn4700-02,Ethernet48,str-msn4700-fanout-02,Ethernet48,400000,3476,Access,off
str-msn4700-02,Ethernet56,str-msn4700-fanout-02,Ethernet56,400000,3477,Access,off
str-msn4700-02,Ethernet64,str-msn4700-fanout-02,Ethernet64,400000,3478,Access,off
str-msn4700-02,Ethernet72,str-msn4700-fanout-02,Ethernet72,400000,3479,Access,off
str-msn4700-02,Ethernet80,str-msn4700-fanout-02,Ethernet80,400000,3480,Access,off
str-msn4700-02,Ethernet88,str-msn4700-fanout-02,Ethernet88,400000,3481,Access,off
str-msn4700-02,Ethernet96,str-msn4700-fanout-02,Ethernet96,400000,3482,Access,off
str-msn4700-02,Ethernet104,str-msn4700-fanout-02,Ethernet104,400000,3483,Access,off
str-msn4700-02,Ethernet112,str-msn4700-fanout-02,Ethernet112,400000,3484,Access,off
str-msn4700-02,Ethernet120,str-msn4700-fanout-02,Ethernet120,400000,3485,Access,off
str-msn4700-02,Ethernet128,str-msn4700-fanout-02,Ethernet128,400000,3486,Access,off
str-msn4700-02,Ethernet136,str-msn4700-fanout-02,Ethernet136,400000,3487,Access,off
str-msn4700-02,Ethernet144,str-msn4700-fanout-02,Ethernet144,400000,3488,Access,off
str-msn4700-02,Ethernet152,str-msn4700-fanout-02,Ethernet152,400000,3489,Access,off
str-msn4700-02,Ethernet160,str-msn4700-fanout-02,Ethernet160,400000,3490,Access,off
str-msn4700-02,Ethernet168,str-msn4700-fanout-02,Ethernet168,400000,3491,Access,off
str-msn4700-02,Ethernet176,str-msn4700-fanout-02,Ethernet176,400000,3492,Access,off
str-msn4700-02,Ethernet184,str-msn4700-fanout-02,Ethernet184,400000,3493,Access,off
str-msn4700-02,Ethernet192,str-msn4700-fanout-02,Ethernet192,400000,3494,Access,off
str-msn4700-02,Ethernet200,str-msn4700-fanout-02,Ethernet200,400000,3495,Access,off
str-msn4700-02,Ethernet208,str-msn4700-fanout-02,Ethernet208,400000,3496,Access,off
str-msn4700-02,Ethernet216,str-msn4700-fanout-02,Ethernet216,400000,3497,Access,off
str-msn4700-02,Ethernet224,str-msn4700-fanout-02,Ethernet224,400000,3498,Access,off
str-msn4700-02,Ethernet232,str-msn4700-fanout-02,Ethernet232,400000,3499,Access,off
str-msn4700-02,Ethernet240,str-msn4700-fanout-02,Ethernet240,400000,3500,Access,off
